processing.sound	3800
processing.video	6208
processing.serial	12768
processing.net	1624
processing.pdf	4872
processing.svg	425
processing.dxf	217
processing.io	1308
controlP5	12320
ddf.minim	14048
peasy	3160
oscP5	6184
netP5	5184
toxi	8288
geomerative	1380
gab.opencv	1584
themidibus	614
shiffman.box2d	682
com.hamoid	557
wblut	1206
codeanticode.syphon	494
spout	102
gifAnimation	566
KinectPV2	334
org.openkinect	460
websockets	168
http.requests	266
g4p_controls	1480
nervoussystem.obj	59
deadpixel.keystone	170
processing.javafx	114
drop	62
milchreis.imageprocessing	57
queasycam	28
beads	415
DONE
